Date,Details,Amount,Currency,Debit/Credit,Status
28 Feb 2025,Card Payment Received,"5,051.50",USD,Credit,SETTLED
15 Feb 2025,GEICO INSURANCE,37.56,USD,Debit,SETTLED
04 Feb 2025,WALMART.COM,30.14,USD,Debit,SETTLED
23 Feb 2025,Card Payment Received,"3,363.22",USD,Credit,SETTLED
05 Oct 2024,WALMART SUPERCENTER,123.89,USD,Debit,SETTLED
14 Jan 2025,UBER US,28.82,USD,Debit,SETTLED
22 Nov 2024,Card Payment Received,"2,706.95",USD,Credit,SETTLED
08 Dec 2024,Card Payment Received,"3,154.46",USD,Credit,SETTLED
16 Dec 2024,WALMART SUPERCENTER,39.96,USD,Debit,SETTLED
28 Jan 2025,AMAZON US,60.05,USD,Debit,SETTLED
18 Oct 2024,Card Payment Received,"1,031.58",USD,Credit,SETTLED
16 Nov 2024,WHOLE FOODS MARKET,35.82,USD,Debit,SETTLED
25 Oct 2024,CHASE BANK FEE,6.93,USD,Debit,SETTLED
15 Mar 2025,NETFLIX.COM,15.67,USD,Debit,SETTLED
25 Mar 2025,WALMART SUPERCENTER,70.67,USD,Debit,SETTLED
18 Feb 2025,Card Payment Received,"1,234.30",USD,Credit,SETTLED
23 Mar 2025,WHOLE FOODS MARKET,106.18,USD,Debit,SETTLED
04 Mar 2025,Card Payment Received,"2,293.36",USD,Credit,REVERSED
26 Oct 2024,WHOLE FOODS MARKET,62.55,USD,Debit,SETTLED
31 Jan 2025,AMERICAN AIRLINES,"1,357.84",USD,Debit,SETTLED
30 Dec 2024,APPLE.COM BILL,14.94,USD,Debit,SETTLED
17 Mar 2025,Card Payment Received,"1,139.62",USD,Credit,SETTLED
05 Oct 2024,Card Payment Received,"3,356.20",USD,Credit,SETTLED
17 Feb 2025,WALMART.COM,113.05,USD,Debit,SETTLED
25 Mar 2025,AMERICAN AIRLINES,"1,093.86",USD,Debit,SETTLED
23 Oct 2024,AMERICAN AIRLINES,718.57,USD,Debit,SETTLED
20 Oct 2024,HILTON MIAMI,286.98,USD,Debit,SETTLED
29 Nov 2024,AMAZON US,25.38,USD,Debit,SETTLED
22 Nov 2024,BOOKING.COM,284.73,USD,Debit,SETTLED
28 Feb 2025,CHASE BANK FEE,3.18,USD,Debit,SETTLED
18 Dec 2024,WALMART SUPERCENTER,24.95,USD,Debit,SETTLED
24 Jan 2025,AMAZON US,93.25,USD,Debit,SETTLED
20 Dec 2024,CHASE BANK FEE,3.13,USD,Debit,SETTLED
04 Jan 2025,HILTON MIAMI,220.42,USD,Debit,SETTLED
25 Nov 2024,Card Payment Received,"1,347.40",USD,Credit,SETTLED
28 Jan 2025,APPLE.COM BILL,18.29,USD,Debit,SETTLED
29 Nov 2024,Card Payment Received,"5,425.86",USD,Credit,SETTLED
16 Mar 2025,WHOLE FOODS MARKET,124.73,USD,Debit,SETTLED
23 Mar 2025,AMERICAN AIRLINES,"1,222.24",USD,Debit,SETTLED
22 Oct 2024,APPLE.COM BILL,21.81,USD,Debit,SETTLED
19 Dec 2024,BOOKING.COM,366.59,USD,Debit,SETTLED
04 Nov 2024,Card Payment Received,"5,424.70",USD,Credit,SETTLED
26 Dec 2024,GEICO INSURANCE,216.61,USD,Debit,SETTLED
22 Mar 2025,DOORDASH,27.48,USD,Debit,SETTLED
04 Mar 2025,NETFLIX.COM,9.06,USD,Debit,SETTLED
23 Mar 2025,AMAZON US,24.19,USD,Debit,SETTLED
20 Dec 2024,Card Payment Received,"2,920.41",USD,Credit,SETTLED
14 Nov 2024,WHOLE FOODS MARKET,43.75,USD,Debit,SETTLED
29 Dec 2024,AMAZON US,118.57,USD,Debit,SETTLED
12 Jan 2025,Card Payment Received,839.28,USD,Credit,SETTLED
